"RecordID","PengalamanCoding","ToolFavorit","PaketID"
979153,"Menengah","Python","ADK3-0A7E8CC7"
100441,"Menengah","Python","ADK3-0A7E8CC7"
703664,"Menengah","Python","ADK3-0A7E8CC7"
435927,"Menengah","R","ADK3-0A7E8CC7"
766258,"Lanjut","Python","ADK3-0A7E8CC7"
738510,"Menengah","Python","ADK3-0A7E8CC7"
126401,"Lanjut","SQL","ADK3-0A7E8CC7"
514787,"Menengah","SQL","ADK3-0A7E8CC7"
669670,"Pemula","R","ADK3-0A7E8CC7"
621209,"Lanjut","Python","ADK3-0A7E8CC7"
368882,"Pemula","Python","ADK3-0A7E8CC7"
813386,"Lanjut","Python","ADK3-0A7E8CC7"
634372,"Lanjut","Python","ADK3-0A7E8CC7"
199425,"Lanjut","Python","ADK3-0A7E8CC7"
668411,"Lanjut","Python","ADK3-0A7E8CC7"
210016,"Pemula","SQL","ADK3-0A7E8CC7"
783651,"Pemula","SQL","ADK3-0A7E8CC7"
543036,"Menengah","Python","ADK3-0A7E8CC7"
104652,"Pemula","Python","ADK3-0A7E8CC7"
442000,"Lanjut","Python","ADK3-0A7E8CC7"
598410,"Menengah","Python","ADK3-0A7E8CC7"
549027,"Menengah","R","ADK3-0A7E8CC7"
172285,"Menengah","R","ADK3-0A7E8CC7"
798915,"Pemula","Python","ADK3-0A7E8CC7"
346992,"Menengah","SQL","ADK3-0A7E8CC7"
177504,"Lanjut","Python","ADK3-0A7E8CC7"
389289,"Lanjut","Python","ADK3-0A7E8CC7"
400079,"Pemula","Python","ADK3-0A7E8CC7"
864577,"Pemula","Python","ADK3-0A7E8CC7"
543894,"Pemula","R","ADK3-0A7E8CC7"
998334,"Lanjut","SQL","ADK3-0A7E8CC7"
353969,"Lanjut","Python","ADK3-0A7E8CC7"
306895,"Pemula","Python","ADK3-0A7E8CC7"
604204,"Pemula","SQL","ADK3-0A7E8CC7"
343438,"Pemula","R","ADK3-0A7E8CC7"
441235,"Pemula","R","ADK3-0A7E8CC7"
650641,"Pemula","SQL","ADK3-0A7E8CC7"
558474,"Pemula","SQL","ADK3-0A7E8CC7"
818706,"Menengah","Python","ADK3-0A7E8CC7"
499096,"Lanjut","Python","ADK3-0A7E8CC7"
777549,"Lanjut","Python","ADK3-0A7E8CC7"
573536,"Menengah","Python","ADK3-0A7E8CC7"
706947,"Lanjut","Python","ADK3-0A7E8CC7"
182533,"Menengah","Python","ADK3-0A7E8CC7"
250373,"Pemula","R","ADK3-0A7E8CC7"
756101,"Menengah","R","ADK3-0A7E8CC7"
130062,"Pemula","R","ADK3-0A7E8CC7"
597605,"Pemula","Python","ADK3-0A7E8CC7"
121699,"Pemula","R","ADK3-0A7E8CC7"
210264,"Pemula","Python","ADK3-0A7E8CC7"
317886,"Lanjut","SQL","ADK3-0A7E8CC7"
610949,"Lanjut","Python","ADK3-0A7E8CC7"
321939,"Lanjut","Python","ADK3-0A7E8CC7"
784293,"Menengah","R","ADK3-0A7E8CC7"
342308,"Lanjut","R","ADK3-0A7E8CC7"
482960,"Pemula","Python","ADK3-0A7E8CC7"
420278,"Lanjut","SQL","ADK3-0A7E8CC7"
208765,"Pemula","R","ADK3-0A7E8CC7"
378558,"Menengah","R","ADK3-0A7E8CC7"
163380,"Pemula","R","ADK3-0A7E8CC7"
421761,"Menengah","Python","ADK3-0A7E8CC7"
128222,"Menengah","Python","ADK3-0A7E8CC7"
965685,"Pemula","SQL","ADK3-0A7E8CC7"
189725,"Pemula","R","ADK3-0A7E8CC7"
217235,"Pemula","Python","ADK3-0A7E8CC7"
894411,"Lanjut","Python","ADK3-0A7E8CC7"
887240,"Pemula","R","ADK3-0A7E8CC7"
191758,"Pemula","Python","ADK3-0A7E8CC7"
985785,"Pemula","R","ADK3-0A7E8CC7"
821414,"Lanjut","Python","ADK3-0A7E8CC7"
317420,"Menengah","Python","ADK3-0A7E8CC7"
159680,"Menengah","SQL","ADK3-0A7E8CC7"
984079,"Lanjut","Python","ADK3-0A7E8CC7"
598472,"Lanjut","SQL","ADK3-0A7E8CC7"
561653,"Pemula","Python","ADK3-0A7E8CC7"
133431,"Menengah","R","ADK3-0A7E8CC7"
624243,"Menengah","Python","ADK3-0A7E8CC7"
516554,"Lanjut","Python","ADK3-0A7E8CC7"
726777,"Menengah","Python","ADK3-0A7E8CC7"
697678,"Menengah","Python","ADK3-0A7E8CC7"
524721,"Pemula","SQL","ADK3-0A7E8CC7"
485645,"Menengah","Python","ADK3-0A7E8CC7"
405865,"Pemula","Python","ADK3-0A7E8CC7"
161322,"Menengah","Python","ADK3-0A7E8CC7"
884041,"Menengah","R","ADK3-0A7E8CC7"
317952,"Lanjut","Python","ADK3-0A7E8CC7"
450836,"Lanjut","Python","ADK3-0A7E8CC7"
252442,"Pemula","SQL","ADK3-0A7E8CC7"
735711,"Menengah","SQL","ADK3-0A7E8CC7"
237151,"Menengah","R","ADK3-0A7E8CC7"
466783,"Menengah","Python","ADK3-0A7E8CC7"
594442,"Menengah","Python","ADK3-0A7E8CC7"
372699,"Lanjut","Python","ADK3-0A7E8CC7"
642231,"Menengah","Python","ADK3-0A7E8CC7"
490668,"Lanjut","SQL","ADK3-0A7E8CC7"
456274,"Lanjut","SQL","ADK3-0A7E8CC7"
983260,"Menengah","SQL","ADK3-0A7E8CC7"
699936,"Lanjut","Python","ADK3-0A7E8CC7"
753014,"Lanjut","R","ADK3-0A7E8CC7"
958474,"Menengah","SQL","ADK3-0A7E8CC7"
359409,"Lanjut","Python","ADK3-0A7E8CC7"
590482,"Menengah","R","ADK3-0A7E8CC7"
652186,"Lanjut","Python","ADK3-0A7E8CC7"
828077,"Pemula","R","ADK3-0A7E8CC7"
321302,"Lanjut","SQL","ADK3-0A7E8CC7"
958566,"Menengah","Python","ADK3-0A7E8CC7"
782582,"Menengah","SQL","ADK3-0A7E8CC7"
586747,"Pemula","R","ADK3-0A7E8CC7"
191733,"Lanjut","Python","ADK3-0A7E8CC7"
951020,"Lanjut","SQL","ADK3-0A7E8CC7"
638824,"Pemula","SQL","ADK3-0A7E8CC7"
701430,"Pemula","R","ADK3-0A7E8CC7"
833538,"Menengah","R","ADK3-0A7E8CC7"
219576,"Pemula","R","ADK3-0A7E8CC7"
418221,"Menengah","R","ADK3-0A7E8CC7"
809322,"Pemula","R","ADK3-0A7E8CC7"
738127,"Menengah","Python","ADK3-0A7E8CC7"
896890,"Lanjut","Python","ADK3-0A7E8CC7"
144307,"Menengah","Python","ADK3-0A7E8CC7"
101688,"Menengah","R","ADK3-0A7E8CC7"
613941,"Menengah","SQL","ADK3-0A7E8CC7"
532902,"Lanjut","Python","ADK3-0A7E8CC7"
402570,"Pemula","R","ADK3-0A7E8CC7"
744991,"Lanjut","Python","ADK3-0A7E8CC7"
415626,"Menengah","R","ADK3-0A7E8CC7"
359854,"Pemula","SQL","ADK3-0A7E8CC7"
476611,"Pemula","Python","ADK3-0A7E8CC7"
123902,"Menengah","Python","ADK3-0A7E8CC7"
204141,"Menengah","SQL","ADK3-0A7E8CC7"
419225,"Pemula","R","ADK3-0A7E8CC7"
193465,"Menengah","Python","ADK3-0A7E8CC7"
863840,"Pemula","SQL","ADK3-0A7E8CC7"
563648,"Menengah","SQL","ADK3-0A7E8CC7"
346013,"Menengah","Python","ADK3-0A7E8CC7"
934902,"Menengah","SQL","ADK3-0A7E8CC7"
948147,"Menengah","Python","ADK3-0A7E8CC7"
953560,"Pemula","Python","ADK3-0A7E8CC7"
608143,"Lanjut","Python","ADK3-0A7E8CC7"
173085,"Lanjut","Python","ADK3-0A7E8CC7"
236445,"Pemula","R","ADK3-0A7E8CC7"
683785,"Menengah","Python","ADK3-0A7E8CC7"
685221,"Lanjut","Python","ADK3-0A7E8CC7"
250250,"Pemula","SQL","ADK3-0A7E8CC7"
167406,"Menengah","Python","ADK3-0A7E8CC7"
557177,"Pemula","SQL","ADK3-0A7E8CC7"
217668,"Menengah","Python","ADK3-0A7E8CC7"
577999,"Lanjut","Python","ADK3-0A7E8CC7"
777088,"Menengah","Python","ADK3-0A7E8CC7"
578725,"Lanjut","SQL","ADK3-0A7E8CC7"
656873,"Menengah","R","ADK3-0A7E8CC7"
736966,"Pemula","Python","ADK3-0A7E8CC7"
980367,"Lanjut","R","ADK3-0A7E8CC7"
878854,"Pemula","R","ADK3-0A7E8CC7"
917039,"Menengah","Python","ADK3-0A7E8CC7"
751131,"Lanjut","Python","ADK3-0A7E8CC7"
402069,"Menengah","R","ADK3-0A7E8CC7"
